T_aussenluft,35.0,35.5,36.0,36.5,37.0,37.5,38.0,38.5,39.0,39.5,40.0,40.5,41.0,41.5,42.0,42.5,43.0,43.5,44.0,44.5,45.0,45.5,46.0,46.5,47.0,47.5,48.0,48.5,49.0,49.5,50.0,50.5,51.0,51.5,52.0,52.5,53.0,53.5,54.0,54.5,55.0,55.5,56.0,56.5,57.0,57.5,58.0,58.5,59.0,59.5,60.0
-20.0,1.5085543927963003,1.5224491968848863,1.5363440009734723,1.5502388050620586,1.5641336091506446,1.5780284132392306,1.5919232173278166,1.6058180214164026,1.6197128255049886,1.6336076295935746,1.6475024336821606,1.6613972377707467,1.6752920418593327,1.6891868459479187,1.7030816500365047,1.7169764541250911,1.7308712582136767,1.7447660623022632,1.7586608663908492,1.7725556704794352,1.7864504745680212,1.8003452786566072,1.8142400827451932,1.8281348868337792,1.8420296909223652,1.8559244950109512,1.8698192990995373,1.8837141031881233,1.8976089072767093,1.9115037113652953,1.9253985154538813,1.9392933195424673,1.9531881236310538,1.9670829277196398,1.9809777318082258,1.9948725358968118,2.008767339985398,2.022662144073984,2.03655694816257,2.050451752251156,2.064346556339742,2.078241360428328,2.092136164516914,2.1060309686055,2.119925772694086,2.133820576782672,2.147715380871258,2.161610184959844,2.17550498904843,2.1893997931370164,2.2032945972256024
-19.5,2.2171894013141884,2.2310842054027744,2.2449790094913604,2.2588738135799464,2.2727686176685324,2.2866634217571185,2.3005582258457045,2.3144530299342905,2.3283478340228765,2.3422426381114625,2.3561374422000485,2.3700322462886345,2.3839270503772205,2.397821854465807,2.4117166585543925,2.425611462642979,2.439506266731565,2.453401070820151,1.5446258213677284,1.5585206254563149,1.5724154295449004,1.5863102336334869,1.600205037722073,1.614099841810659,1.627994645899245,1.641889449987831,1.655784254076417,1.669679058165003,1.683573862253589,1.697468666342175,1.711363470430761,1.725258274519347,1.739153078607933,1.753047882696519,1.7669426867851055,1.780837490873691,1.7947322949622775,1.8086270990508635,1.8225219031394495,1.8364167072280355,1.8503115113166215,1.8642063154052075,1.8781011194937935,1.8919959235823796,1.9058907276709656,1.9197855317595516,1.9336803358481376,1.9475751399367236,1.9614699440253096,1.9753647481138956,1.9892595522024816
-19.0,2.003154356291068,2.017049160379654,2.03094396446824,2.044838768556826,2.058733572645412,2.072628376733998,2.086523180822584,2.10041798491117,2.114312788999756,2.128207593088342,2.142102397176928,2.155997201265514,2.1698920053541,2.183786809442686,2.1976816135312722,2.2115764176198587,2.2254712217084447,2.2393660257970307,2.2532608298856167,2.2671556339742027,2.2810504380627887,2.2949452421513747,2.3088400462399608,2.3227348503285468,2.3366296544171328,2.350524458505719,2.364419262594305,2.378314066682891,2.392208870771477,2.406103674860063,2.4199984789486493,2.433893283037235,2.4477880871258213,2.4616828912144073,2.4755776953029933,2.4894724993915793,1.5806972499391572,1.5945920540277436,1.6084868581163292,1.6223816622049156,1.6362764662935017,1.6501712703820877,1.6640660744706737,1.6779608785592597,1.6918556826478457,1.7057504867364317,1.7196452908250177,1.7335400949136037,1.7474348990021897,1.7613297030907757,1.7752245071793618
-18.5,1.7891193112679478,1.8030141153565342,1.8169089194451198,1.8308037235337062,1.8446985276222923,1.8585933317108783,1.8724881357994643,1.8863829398880503,1.9002777439766363,1.9141725480652223,1.9280673521538083,1.9419621562423943,1.9558569603309803,1.9697517644195663,1.9836465685081524,1.9975413725967384,2.0114361766853244,2.0253309807739104,2.039225784862497,2.053120588951083,2.067015393039669,2.080910197128255,2.094805001216841,2.108699805305427,2.122594609394013,2.136489413482599,2.150384217571185,2.164279021659771,2.178173825748357,2.192068629836943,2.205963433925529,2.219858238014115,2.233753042102701,2.2476478461912874,2.2615426502798734,2.2754374543684595,2.2893322584570455,2.3032270625456315,2.3171218666342175,2.3310166707228035,2.3449114748113895,2.3588062788999755,2.3727010829885615,2.3865958870771475,2.4004906911657335,2.4143854952543196,2.4282802993429056,2.4421751034314916,2.456069907520078,2.4699647116086636,2.48385951569725
-18.0,2.497754319785836,2.511649123874422,2.525543927963008,1.616768678510586,1.6306634825991715,1.644558286687758,1.658453090776344,1.67234789486493,1.686242698953516,1.700137503042102,1.714032307130688,1.727927111219274,1.74182191530786,1.755716719396446,1.769611523485032,1.783506327573618,1.797401131662204,1.81129593575079,1.8251907398393765,1.839085543927962,1.8529803480165485,1.8668751521051345,1.8807699561937206,1.8946647602823066,1.9085595643708926,1.9224543684594786,1.9363491725480646,1.9502439766366506,1.9641387807252366,1.9780335848138226,1.9919283889024086,2.0058231929909947,2.0197179970795807,2.0336128011681667,2.0475076052567527,2.061402409345339,2.075297213433925,2.089192017522511,2.103086821611097,2.116981625699683,2.130876429788269,2.144771233876855,2.158666037965441,2.172560842054027,2.1864556461426132,2.2003504502311992,2.2142452543197852,2.2281400584083713,2.2420348624969573,2.2559296665855433,2.2698244706741293
-17.5,2.2837192747627153,2.2976140788513018,2.3115088829398878,2.3254036870284738,2.33929849111706,2.353193295205646,2.367088099294232,2.380982903382818,2.394877707471404,2.40877251155999,2.422667315648576,2.436562119737162,2.450456923825748,2.464351727914334,2.47824653200292,2.492141336091506,2.5060361401800924,2.519930944268678,2.5338257483572644,2.5477205524458504,2.5616153565344364,1.6528401070820147,1.6667349111706002,1.6806297152591867,1.6945245193477727,1.7084193234363587,1.7223141275249447,1.7362089316135307,1.7501037357021167,1.7639985397907028,1.7778933438792888,1.7917881479678748,1.8056829520564608,1.8195777561450468,1.8334725602336328,1.8473673643222188,1.8612621684108053,1.8751569724993908,1.8890517765879773,1.9029465806765633,1.9168413847651493,1.9307361888537353,1.9446309929423213,1.9585257970309073,1.9724206011194934,1.9863154052080794,2.0002102092966654,2.0141050133852514,2.0279998174738374,2.0418946215624234,2.0557894256510094
-17.0,2.0696842297395954,2.0835790338281814,2.097473837916768,2.111368642005354,2.12526344609394,2.139158250182526,2.153053054271112,2.166947858359698,2.180842662448284,2.19473746653687,2.208632270625456,2.222527074714042,2.236421878802628,2.250316682891214,2.2642114869798,2.278106291068386,2.292001095156972,2.305895899245558,2.319790703334144,2.3336855074227305,2.3475803115113165,2.3614751155999025,2.3753699196884885,2.3892647237770746,2.4031595278656606,2.4170543319542466,2.4309491360428326,2.4448439401314186,2.4587387442200046,2.4726335483085906,2.4865283523971766,2.5004231564857626,2.5143179605743486,2.5282127646629347,2.542107568751521,2.5560023728401067,2.569897176928693,2.583791981017279,2.597686785105865,1.6889115356534434,1.702806339742029,1.7167011438306155,1.7305959479192015,1.7444907520077875,1.7583855560963735,1.7722803601849595,1.7861751642735455,1.8000699683621315,1.8139647724507175,1.8278595765393035,1.8417543806278895
-16.5,1.8556491847164756,1.8695439888050616,1.8834387928936476,1.897333596982234,1.9112284010708196,1.925123205159406,1.939018009247992,1.952912813336578,1.966807617425164,1.98070242151375,1.994597225602336,2.008492029690922,2.022386833779508,2.036281637868094,2.05017644195668,2.064071246045266,2.077966050133852,2.091860854222438,2.105755658311024,2.11965046239961,2.1335452664881966,2.1474400705767827,2.1613348746653687,2.1752296787539547,2.1891244828425407,2.2030192869311267,2.2169140910197127,2.2308088951082987,2.2447036991968847,2.2585985032854707,2.2724933073740567,2.2863881114626428,2.3002829155512288,2.314177719639815,2.328072523728401,2.341967327816987,2.355862131905573,2.3697569359941593,2.3836517400827453,2.3975465441713313,2.4114413482599173,2.4253361523485033,2.4392309564370893,2.4531257605256753,2.4670205646142613,2.4809153687028473,2.4948101727914334,2.5087049768800194,2.5225997809686054,2.5364945850571914,2.5503893891457774
-16.0,2.5642841932343634,2.57817899732295,2.5920738014115354,2.605968605500122,2.619863409588708,2.633758213677294,1.7249829642248713,1.7388777683134578,1.7527725724020433,1.7666673764906298,1.7805621805792158,1.7944569846678018,1.8083517887563878,1.8222465928449738,1.8361413969335598,1.8500362010221458,1.8639310051107318,1.8778258091993179,1.8917206132879039,1.9056154173764899,1.9195102214650759,1.933405025553662,1.9472998296422483,1.961194633730834,1.9750894378194204,1.9889842419080064,2.0028790459965924,2.0167738500851784,2.0306686541737644,2.0445634582623504,2.0584582623509364,2.0723530664395224,2.0862478705281085,2.1001426746166945,2.1140374787052805,2.1279322827938665,2.1418270868824525,2.1557218909710385,2.1696166950596245,2.183511499148211,2.197406303236797,2.211301107325383,2.225195911413969,2.239090715502555,2.252985519591141,2.266880323679727,2.280775127768313,2.294669931856899,2.308564735945485,2.322459540034071,2.336354344122657
-15.5,2.350249148211243,2.364143952299829,2.378038756388415,2.3919335604770016,2.4058283645655876,2.4197231686541736,2.4336179727427596,2.4475127768313456,2.4614075809199316,2.4753023850085176,2.4891971890971036,2.5030919931856896,2.5169867972742757,2.5308816013628617,2.5447764054514477,2.5586712095400337,2.5725660136286197,2.5864608177172057,2.600355621805792,2.6142504258943777,2.628145229982964,2.64204003407155,2.655934838160136,2.669829642248722,1.7610543927963,1.7749491968848865,1.788844000973472,1.8027388050620585,1.8166336091506445,1.8305284132392305,1.8444232173278166,1.8583180214164026,1.8722128255049886,1.8861076295935746,1.9000024336821606,1.9138972377707466,1.9277920418593326,1.9416868459479186,1.9555816500365046,1.9694764541250906,1.983371258213677,1.9972660623022627,2.011160866390849,2.025055670479435,2.038950474568021,2.052845278656607,2.066740082745193,2.080634886833779,2.094529690922365,2.108424495010951,2.122319299099537
-15.0,2.136214103188123,2.1501089072767092,2.1640037113652952,2.1778985154538812,2.1917933195424673,2.2056881236310533,2.2195829277196397,2.2334777318082257,2.2473725358968117,2.2612673399853978,2.2751621440739838,2.2890569481625698,2.302951752251156,2.316846556339742,2.330741360428328,2.344636164516914,2.3585309686055,2.372425772694086,2.386320576782672,2.400215380871258,2.414110184959844,2.4280049890484303,2.4418997931370163,2.4557945972256023,2.4696894013141883,2.4835842054027744,2.4974790094913604,2.5113738135799464,2.5252686176685324,2.5391634217571184,2.5530582258457044,2.5669530299342904,2.5808478340228764,2.5947426381114624,2.6086374422000485,2.6225322462886345,2.636427050377221,2.6503218544658065,2.664216658554393,2.678111462642979,2.692006266731565,2.705901070820151,1.7971258213677288,1.8110206254563144,1.8249154295449008,1.8388102336334868,1.8527050377220728,1.8665998418106589,1.8804946458992449,1.8943894499878309,1.9082842540764169
-14.5,1.922179058165003,1.936073862253589,1.949968666342175,1.963863470430761,1.977758274519347,1.991653078607933,2.0055478826965194,2.019442686785105,2.0333374908736914,2.0472322949622774,2.0611270990508634,2.0750219031394495,2.0889167072280355,2.1028115113166215,2.1167063154052075,2.1306011194937935,2.1444959235823795,2.1583907276709655,2.1722855317595515,2.1861803358481375,2.2000751399367235,2.2139699440253096,2.2278647481138956,2.241759552202482,2.255654356291068,2.269549160379654,2.28344396446824,2.297338768556826,2.311233572645412,2.325128376733998,2.339023180822584,2.35291798491117,2.366812788999756,2.380707593088342,2.394602397176928,2.408497201265514,2.4223920053541,2.436286809442686,2.450181613531272,2.464076417619858,2.4779712217084446,2.4918660257970306,2.5057608298856167,2.5196556339742027,2.5335504380627887,2.5474452421513747,2.5613400462399607,2.5752348503285467,2.5891296544171327,2.6030244585057187,2.6169192625943047
-14.0,2.6308140666828908,2.6447088707714768,2.6586036748600628,2.672498478948649,2.6863932830372352,2.700288087125821,2.7141828912144073,2.7280776953029933,2.7419724993915793,1.8331972499391576,1.8470920540277431,1.8609868581163296,1.8748816622049156,1.8887764662935016,1.9026712703820876,1.9165660744706736,1.9304608785592596,1.9443556826478456,1.9582504867364317,1.9721452908250177,1.9860400949136037,1.9999348990021897,2.0138297030907757,2.0277245071793617,2.041619311267948,2.0555141153565337,2.06940891944512,2.083303723533706,2.097198527622292,2.111093331710878,2.124988135799464,2.1388829398880502,2.1527777439766362,2.1666725480652222,2.1805673521538083,2.1944621562423943,2.2083569603309803,2.2222517644195663,2.2361465685081523,2.2500413725967383,2.2639361766853243,2.2778309807739108,2.291725784862497,2.305620588951083,2.319515393039669,2.333410197128255,2.347305001216841,2.361199805305427,2.375094609394013,2.388989413482599,2.402884217571185
-13.5,2.416779021659771,2.430673825748357,2.444568629836943,2.458463433925529,2.472358238014115,2.486253042102701,2.500147846191287,2.5140426502798734,2.5279374543684594,2.5418322584570454,2.5557270625456314,2.5696218666342174,2.5835166707228034,2.5974114748113895,2.6113062788999755,2.6252010829885615,2.6390958870771475,2.6529906911657335,2.6668854952543195,2.6807802993429055,2.6946751034314915,2.7085699075200775,2.722464711608664,2.7363595156972496,2.750254319785836,2.764149123874422,2.778043927963008,1.8692686785105863,1.8831634825991719,1.8970582866877583,1.9109530907763443,1.9248478948649304,1.9387426989535164,1.9526375030421024,1.9665323071306884,1.9804271112192744,1.9943219153078604,2.0082167193964464,2.0221115234850324,2.0360063275736184,2.0499011316622044,2.0637959357507905,2.077690739839377,2.0915855439279625,2.105480348016549,2.119375152105135,2.133269956193721,2.147164760282307,2.161059564370893,2.174954368459479,2.188849172548065
-13.0,2.202743976636651,2.216638780725237,2.230533584813823,2.244428388902409,2.258323192990995,2.272217997079581,2.286112801168167,2.300007605256753,2.3139024093453395,2.3277972134339255,2.3416920175225115,2.3555868216110976,2.3694816256996836,2.3833764297882696,2.3972712338768556,2.4111660379654416,2.4250608420540276,2.4389556461426136,2.4528504502311996,2.4667452543197856,2.4806400584083717,2.4945348624969577,2.5084296665855437,2.5223244706741297,2.5362192747627157,2.550114078851302,2.564008882939888,2.577903687028474,2.59179849111706,2.605693295205646,2.619588099294232,2.633482903382818,2.647377707471404,2.6612725115599902,2.6751673156485762,2.6890621197371622,2.7029569238257483,2.7168517279143343,2.7307465320029203,2.7446413360915063,2.7585361401800927,2.7724309442686783,2.7863257483572648,2.8002205524458508,2.814115356534437,1.9053401070820142,1.9192349111706006,1.9331297152591862,1.9470245193477727,1.9609193234363587,1.9748141275249447
-12.5,1.9887089316135307,2.0026037357021167,2.0164985397907027,2.0303933438792887,2.0442881479678747,2.0581829520564607,2.0720777561450467,2.0859725602336328,2.0998673643222188,2.1137621684108048,2.1276569724993912,2.141551776587977,2.1554465806765633,2.1693413847651493,2.1832361888537353,2.1971309929423213,2.2110257970309073,2.2249206011194933,2.2388154052080793,2.2527102092966653,2.2666050133852513,2.2804998174738373,2.2943946215624234,2.3082894256510094,2.3221842297395954,2.3360790338281814,2.3499738379167674,2.363868642005354,2.37776344609394,2.391658250182526,2.405553054271112,2.419447858359698,2.433342662448284,2.44723746653687,2.461132270625456,2.475027074714042,2.488921878802628,2.502816682891214,2.5167114869798,2.530606291068386,2.544501095156972,2.558395899245558,2.5722907033341444,2.5861855074227305,2.6000803115113165,2.6139751155999025,2.6278699196884885,2.6417647237770745,2.6556595278656605,2.6695543319542465,2.6834491360428325
-12.0,2.6973439401314185,2.7112387442200045,2.7251335483085906,2.7390283523971766,2.7529231564857626,2.7668179605743486,2.780712764662935,2.7946075687515206,2.808502372840107,2.822397176928693,2.836291981017279,2.850186785105865,1.941411535653443,1.9553063397420294,1.969201143830615,1.9830959479192014,1.9969907520077874,2.0108855560963734,2.0247803601849594,2.0386751642735454,2.0525699683621315,2.0664647724507175,2.0803595765393035,2.0942543806278895,2.1081491847164755,2.1220439888050615,2.1359387928936475,2.1498335969822335,2.16372840107082,2.1776232051594056,2.191518009247992,2.205412813336578,2.219307617425164,2.23320242151375,2.247097225602336,2.260992029690922,2.274886833779508,2.288781637868094,2.30267644195668,2.316571246045266,2.330466050133852,2.344360854222438,2.358255658311024,2.37215046239961,2.386045266488196,2.3999400705767826,2.4138348746653686,2.4277296787539546,2.4416244828425406,2.4555192869311266,2.4694140910197127
-11.5,2.4833088951082987,2.4972036991968847,2.5110985032854707,2.5249933073740567,2.5388881114626427,2.5527829155512287,2.5666777196398147,2.5805725237284007,2.5944673278169867,2.608362131905573,2.622256935994159,2.636151740082745,2.6500465441713312,2.6639413482599172,2.6778361523485033,2.6917309564370893,2.7056257605256753,2.7195205646142613,2.7334153687028473,2.7473101727914333,2.7612049768800193,2.7750997809686053,2.7889945850571913,2.8028893891457773,2.816784193234364,2.8306789973229494,2.844573801411536,2.858468605500122,2.872363409588708,2.886258213677294,1.9774829642248717,1.9913777683134573,2.0052725724020437,2.0191673764906297,2.0330621805792157,2.0469569846678017,2.0608517887563877,2.0747465928449738,2.0886413969335598,2.102536201022146,2.116431005110732,2.130325809199318,2.144220613287904,2.15811541737649,2.172010221465076,2.1859050255536623,2.199799829642248,2.2136946337308343,2.2275894378194203,2.2414842419080063,2.2553790459965923
-11.0,2.2692738500851783,2.2831686541737644,2.2970634582623504,2.3109582623509364,2.3248530664395224,2.3387478705281084,2.3526426746166944,2.3665374787052804,2.3804322827938664,2.3943270868824524,2.4082218909710384,2.422116695059625,2.436011499148211,2.449906303236797,2.463801107325383,2.477695911413969,2.491590715502555,2.505485519591141,2.519380323679727,2.533275127768313,2.547169931856899,2.561064735945485,2.574959540034071,2.588854344122657,2.602749148211243,2.616643952299829,2.630538756388415,2.644433560477001,2.6583283645655875,2.6722231686541735,2.6861179727427595,2.7000127768313456,2.7139075809199316,2.7278023850085176,2.7416971890971036,2.7555919931856896,2.7694867972742756,2.7833816013628616,2.7972764054514476,2.8111712095400336,2.8250660136286196,2.8389608177172057,2.8528556218057917,2.866750425894378,2.8806452299829637,2.89454003407155,2.908434838160136,2.922329642248722,2.0135543927963004,2.027449196884886,2.0413440009734725
-10.5,2.0552388050620585,2.0691336091506445,2.0830284132392305,2.0969232173278165,2.1108180214164025,2.1247128255049885,2.1386076295935745,2.1525024336821605,2.1663972377707466,2.1802920418593326,2.1941868459479186,2.2080816500365046,2.221976454125091,2.2358712582136766,2.249766062302263,2.263660866390849,2.277555670479435,2.291450474568021,2.305345278656607,2.319240082745193,2.333134886833779,2.347029690922365,2.360924495010951,2.374819299099537,2.388714103188123,2.402608907276709,2.416503711365295,2.430398515453881,2.444293319542467,2.4581881236310537,2.4720829277196397,2.4859777318082257,2.4998725358968117,2.5137673399853977,2.5276621440739837,2.5415569481625697,2.5554517522511557,2.5693465563397417,2.5832413604283277,2.5971361645169138,2.6110309686054998,2.624925772694086,2.638820576782672,2.652715380871258,2.666610184959844,2.68050498904843,2.6943997931370163,2.7082945972256023,2.7221894013141883,2.7360842054027743,2.7499790094913603
-10.0,2.7638738135799463,2.7777686176685323,2.7916634217571183,2.8055582258457044,2.8194530299342904,2.8333478340228764,2.8472426381114624,2.8611374422000484,2.8750322462886344,2.8889270503772204,2.902821854465807,2.9167166585543924,2.930611462642979,2.944506266731565,2.958401070820151,2.0496258213677283,2.0635206254563148,2.0774154295449003,2.091310233633487,2.105205037722073,2.119099841810659,2.132994645899245,2.146889449987831,2.160784254076417,2.174679058165003,2.188573862253589,2.202468666342175,2.216363470430761,2.230258274519347,2.244153078607933,2.258047882696519,2.2719426867851054,2.285837490873691,2.2997322949622774,2.3136270990508634,2.3275219031394494,2.3414167072280354,2.3553115113166214,2.3692063154052074,2.3831011194937934,2.3969959235823795,2.4108907276709655,2.4247855317595515,2.4386803358481375,2.4525751399367235,2.4664699440253095,2.4803647481138955,2.4942595522024815,2.508154356291068,2.522049160379654,2.53594396446824
-9.5,2.549838768556826,2.563733572645412,2.577628376733998,2.591523180822584,2.60541798491117,2.619312788999756,2.633207593088342,2.647102397176928,2.660997201265514,2.6748920053541,2.688786809442686,2.702681613531272,2.7165764176198586,2.7304712217084446,2.7443660257970306,2.7582608298856166,2.7721556339742026,2.7860504380627886,2.7999452421513746,2.8138400462399606,2.8277348503285467,2.8416296544171327,2.8555244585057187,2.8694192625943047,2.8833140666828907,2.8972088707714767,2.9111036748600627,2.924998478948649,2.9388932830372347,2.952788087125821,2.966682891214407,2.980577695302993,2.9944724993915792,2.085697249939157,2.0995920540277435,2.113486858116329,2.1273816622049155,2.1412764662935015,2.1551712703820876,2.1690660744706736,2.1829608785592596,2.1968556826478456,2.2107504867364316,2.2246452908250176,2.2385400949136036,2.2524348990021896,2.2663297030907756,2.2802245071793616,2.2941193112679477,2.308014115356534,2.3219089194451197
-9.0,2.335803723533706,2.349698527622292,2.363593331710878,2.377488135799464,2.39138293988805,2.405277743976636,2.419172548065222,2.433067352153808,2.446962156242394,2.4608569603309802,2.4747517644195662,2.4886465685081522,2.5025413725967383,2.5164361766853243,2.5303309807739103,2.5442257848624967,2.5581205889510827,2.5720153930396688,2.5859101971282548,2.5998050012168408,2.613699805305427,2.627594609394013,2.641489413482599,2.655384217571185,2.669279021659771,2.683173825748357,2.697068629836943,2.710963433925529,2.724858238014115,2.738753042102701,2.7526478461912873,2.7665426502798733,2.7804374543684593,2.7943322584570454,2.8082270625456314,2.8221218666342174,2.8360166707228034,2.8499114748113894,2.8638062788999754,2.8777010829885614,2.8915958870771474,2.9054906911657334,2.9193854952543195,2.9332802993429055,2.9471751034314915,2.961069907520078,2.9749647116086635,2.98885951569725,3.002754319785836,3.016649123874422,3.030543927963008
-8.5,2.121768678510586,2.1356634825991723,2.149558286687758,2.1634530907763443,2.1773478948649303,2.1912426989535163,2.2051375030421023,2.2190323071306883,2.2329271112192743,2.2468219153078604,2.2607167193964464,2.2746115234850324,2.2885063275736184,2.3024011316622044,2.3162959357507904,2.3301907398393764,2.344085543927963,2.3579803480165484,2.371875152105135,2.385769956193721,2.399664760282307,2.413559564370893,2.427454368459479,2.441349172548065,2.455243976636651,2.469138780725237,2.483033584813823,2.496928388902409,2.510823192990995,2.524717997079581,2.538612801168167,2.552507605256753,2.566402409345339,2.5802972134339255,2.5941920175225115,2.6080868216110975,2.6219816256996835,2.6358764297882695,2.6497712338768555,2.6636660379654415,2.6775608420540276,2.6914556461426136,2.7053504502311996,2.7192452543197856,2.7331400584083716,2.7470348624969576,2.7609296665855436,2.7748244706741296,2.788719274762716,2.802614078851302,2.816508882939888
-8.0,2.830403687028474,2.84429849111706,2.858193295205646,2.872088099294232,2.885982903382818,2.899877707471404,2.91377251155999,2.927667315648576,2.941562119737162,2.955456923825748,2.969351727914334,2.9832465320029202,2.9971413360915067,3.0110361401800922,3.0249309442686787,3.0388257483572647,3.0527205524458507,3.0666153565344367,2.1578401070820146,2.1717349111706,2.1856297152591866,2.1995245193477726,2.2134193234363586,2.2273141275249446,2.2412089316135306,2.2551037357021166,2.2689985397907027,2.2828933438792887,2.2967881479678747,2.3106829520564607,2.3245777561450467,2.3384725602336327,2.3523673643222187,2.366262168410805,2.3801569724993907,2.394051776587977,2.407946580676563,2.421841384765149,2.435736188853735,2.4496309929423212,2.4635257970309072,2.4774206011194932,2.4913154052080793,2.5052102092966653,2.5191050133852513,2.5329998174738373,2.5468946215624233,2.5607894256510093,2.5746842297395953,2.5885790338281813,2.602473837916768
-7.5,2.616368642005354,2.63026344609394,2.644158250182526,2.658053054271112,2.671947858359698,2.685842662448284,2.69973746653687,2.713632270625456,2.727527074714042,2.741421878802628,2.755316682891214,2.7692114869798,2.783106291068386,2.797001095156972,2.810895899245558,2.824790703334144,2.8386855074227304,2.8525803115113164,2.8664751155999024,2.8803699196884884,2.8942647237770744,2.9081595278656605,2.9220543319542465,2.9359491360428325,2.9498439401314185,2.9637387442200045,2.9776335483085905,2.9915283523971765,3.0054231564857625,3.0193179605743485,3.0332127646629345,3.047107568751521,3.0610023728401066,3.074897176928693,3.088791981017279,3.102686785105865,2.1939115356534433,2.207806339742029,2.2217011438306153,2.2355959479192014,2.2494907520077874,2.2633855560963734,2.2772803601849594,2.2911751642735454,2.3050699683621314,2.3189647724507174,2.3328595765393034,2.3467543806278894,2.3606491847164754,2.3745439888050615,2.3884387928936475
-7.0,2.402333596982234,2.4162284010708195,2.430123205159406,2.444018009247992,2.457912813336578,2.471807617425164,2.48570242151375,2.499597225602336,2.513492029690922,2.527386833779508,2.541281637868094,2.55517644195668,2.569071246045266,2.582966050133852,2.596860854222438,2.610755658311024,2.62465046239961,2.6385452664881965,2.6524400705767825,2.6663348746653686,2.6802296787539546,2.6941244828425406,2.7080192869311266,2.7219140910197126,2.7358088951082986,2.7497036991968846,2.7635985032854706,2.7774933073740566,2.7913881114626427,2.8052829155512287,2.8191777196398147,2.8330725237284007,2.8469673278169867,2.8608621319055727,2.874756935994159,2.888651740082745,2.902546544171331,2.916441348259917,2.930336152348503,2.944230956437089,2.958125760525675,2.9720205646142612,2.9859153687028472,2.9998101727914332,3.0137049768800193,3.0275997809686053,3.0414945850571913,3.0553893891457773,3.0692841932343633,3.0831789973229498,3.0970738014115353
-6.5,3.1109686055001218,3.124863409588708,3.138758213677294,2.229982964224871,2.2438777683134576,2.257772572402043,2.2716673764906297,2.2855621805792157,2.2994569846678017,2.3133517887563877,2.3272465928449737,2.3411413969335597,2.3550362010221457,2.3689310051107317,2.3828258091993177,2.3967206132879038,2.4106154173764898,2.4245102214650758,2.438405025553662,2.4522998296422482,2.466194633730834,2.4800894378194203,2.4939842419080063,2.5078790459965923,2.5217738500851783,2.5356686541737643,2.5495634582623503,2.5634582623509363,2.5773530664395223,2.5912478705281083,2.6051426746166944,2.6190374787052804,2.6329322827938664,2.6468270868824524,2.6607218909710384,2.6746166950596244,2.688511499148211,2.702406303236797,2.716301107325383,2.730195911413969,2.744090715502555,2.757985519591141,2.771880323679727,2.785775127768313,2.799669931856899,2.813564735945485,2.827459540034071,2.841354344122657,2.855249148211243,2.869143952299829,2.883038756388415
-6.0,2.8969335604770015,2.9108283645655875,2.9247231686541735,2.9386179727427595,2.9525127768313455,2.9664075809199315,2.9803023850085175,2.9941971890971035,3.0080919931856895,3.0219867972742755,3.0358816013628616,3.0497764054514476,3.0636712095400336,3.0775660136286196,3.0914608177172056,3.105355621805792,3.1192504258943776,3.133145229982964,3.14704003407155,3.160934838160136,3.174829642248722,2.2660543927963,2.2799491968848864,2.293844000973472,2.3077388050620584,2.3216336091506444,2.3355284132392304,2.3494232173278164,2.3633180214164025,2.3772128255049885,2.3911076295935745,2.4050024336821605,2.4188972377707465,2.4327920418593325,2.4466868459479185,2.4605816500365045,2.4744764541250905,2.488371258213677,2.5022660623022626,2.516160866390849,2.530055670479435,2.543950474568021,2.557845278656607,2.571740082745193,2.585634886833779,2.599529690922365,2.613424495010951,2.627319299099537,2.641214103188123,2.655108907276709,2.669003711365295
-5.5,2.682898515453881,2.696793319542467,2.710688123631053,2.7245829277196396,2.7384777318082256,2.7523725358968116,2.7662673399853976,2.7801621440739837,2.7940569481625697,2.8079517522511557,2.8218465563397417,2.8357413604283277,2.8496361645169137,2.8635309686054997,2.8774257726940857,2.8913205767826717,2.9052153808712577,2.9191101849598438,2.93300498904843,2.946899793137016,2.9607945972256022,2.9746894013141882,2.9885842054027743,3.0024790094913603,3.0163738135799463,3.0302686176685323,3.0441634217571183,3.0580582258457043,3.0719530299342903,3.0858478340228763,3.0997426381114623,3.1136374422000483,3.1275322462886344,3.141427050377221,3.1553218544658064,3.169216658554393,3.183111462642979,3.197006266731565,3.210901070820151,2.3021258213677287,2.316020625456315,2.3299154295449007,2.343810233633487,2.357705037722073,2.371599841810659,2.385494645899245,2.399389449987831,2.4132842540764172,2.4271790581650032,2.4410738622535892,2.4549686663421753
-5.0,2.4688634704307613,2.4827582745193473,2.4966530786079333,2.5105478826965193,2.5244426867851057,2.5383374908736913,2.5522322949622778,2.566127099050864,2.58002190313945,2.593916707228036,2.607811511316622,2.621706315405208,2.635601119493794,2.64949592358238,2.663390727670966,2.677285531759552,2.691180335848138,2.705075139936724,2.71896994402531,2.732864748113896,2.746759552202482,2.7606543562910684,2.7745491603796544,2.7884439644682404,2.8023387685568264,2.8162335726454124,2.8301283767339984,2.8440231808225844,2.8579179849111704,2.8718127889997564,2.8857075930883425,2.8996023971769285,2.9134972012655145,2.9273920053541005,2.9412868094426865,2.9551816135312725,2.969076417619859,2.982971221708445,2.996866025797031,3.010760829885617,3.024655633974203,3.038550438062789,3.052445242151375,3.066340046239961,3.080234850328547,3.094129654417133,3.108024458505719,3.121919262594305,3.135814066682891,3.149708870771477,3.163603674860063
-4.5,3.1774984789486496,3.191393283037235,3.2052880871258216,3.2191828912144076,3.2330776953029936,3.2469724993915796,2.3381972499391575,2.352092054027743,2.3659868581163295,2.3798816622049155,2.3937764662935015,2.4076712703820875,2.4215660744706735,2.4354608785592595,2.4493556826478455,2.4632504867364315,2.4771452908250176,2.4910400949136036,2.5049348990021896,2.5188297030907756,2.5327245071793616,2.546619311267948,2.5605141153565336,2.57440891944512,2.588303723533706,2.602198527622292,2.616093331710878,2.629988135799464,2.64388293988805,2.657777743976636,2.671672548065222,2.685567352153808,2.699462156242394,2.71335696033098,2.727251764419566,2.741146568508152,2.755041372596738,2.768936176685324,2.7828309807739107,2.7967257848624967,2.8106205889510827,2.8245153930396687,2.8384101971282547,2.8523050012168407,2.8661998053054267,2.8800946093940127,2.8939894134825987,2.9078842175711848,2.9217790216597708,2.935673825748357,2.949568629836943
-4.0,2.963463433925529,2.977358238014115,2.991253042102701,3.005147846191287,3.0190426502798733,3.0329374543684593,3.0468322584570453,3.0607270625456313,3.0746218666342173,3.0885166707228033,3.1024114748113893,3.1163062788999754,3.1302010829885614,3.1440958870771474,3.1579906911657334,3.1718854952543194,3.1857802993429054,3.1996751034314914,3.2135699075200774,3.227464711608664,3.2413595156972494,3.255254319785836,3.269149123874422,3.283043927963008,2.374268678510586,2.3881634825991718,2.4020582866877582,2.4159530907763442,2.4298478948649302,2.4437426989535163,2.4576375030421023,2.4715323071306883,2.4854271112192743,2.4993219153078603,2.5132167193964463,2.5271115234850323,2.5410063275736183,2.5549011316622043,2.5687959357507903,2.582690739839377,2.5965855439279624,2.610480348016549,2.624375152105135,2.638269956193721,2.652164760282307,2.666059564370893,2.679954368459479,2.693849172548065,2.707743976636651,2.721638780725237,2.735533584813823
-3.5,2.749428388902409,2.763323192990995,2.777217997079581,2.791112801168167,2.805007605256753,2.8189024093453394,2.8327972134339254,2.8466920175225114,2.8605868216110975,2.8744816256996835,2.8883764297882695,2.9022712338768555,2.9161660379654415,2.9300608420540275,2.9439556461426135,2.9578504502311995,2.9717452543197855,2.9856400584083715,2.9995348624969576,3.0134296665855436,3.0273244706741296,3.0412192747627156,3.055114078851302,3.069008882939888,3.082903687028474,3.09679849111706,3.110693295205646,3.124588099294232,3.138482903382818,3.152377707471404,3.16627251155999,3.180167315648576,3.194062119737162,3.207956923825748,3.221851727914334,3.23574653200292,3.249641336091506,3.2635361401800926,3.277430944268678,3.2913257483572647,3.3052205524458507,3.3191153565344367,2.410340107082014,2.4242349111706005,2.438129715259186,2.4520245193477725,2.4659193234363586,2.4798141275249446,2.4937089316135306,2.5076037357021166,2.5214985397907026
-3.0,2.5353933438792886,2.5492881479678746,2.5631829520564606,2.5770777561450466,2.5909725602336326,2.6048673643222187,2.6187621684108047,2.632656972499391,2.6465517765879767,2.660446580676563,2.674341384765149,2.688236188853735,2.702130992942321,2.716025797030907,2.729920601119493,2.743815405208079,2.757710209296665,2.7716050133852512,2.7854998174738372,2.7993946215624232,2.8132894256510093,2.8271842297395953,2.8410790338281813,2.8549738379167673,2.8688686420053537,2.8827634460939398,2.8966582501825258,2.9105530542711118,2.924447858359698,2.938342662448284,2.95223746653687,2.966132270625456,2.980027074714042,2.993921878802628,3.007816682891214,3.0217114869798,3.035606291068386,3.049501095156972,3.063395899245558,3.0772907033341443,3.0911855074227303,3.1050803115113164,3.1189751155999024,3.1328699196884884,3.1467647237770744,3.1606595278656604,3.1745543319542464,3.1884491360428324,3.2023439401314184,3.2162387442200044,3.2301335483085905
-2.5,3.2440283523971765,3.2579231564857625,3.2718179605743485,3.285712764662935,3.2996075687515205,3.313502372840107,3.327397176928693,3.341291981017279,3.355186785105865,2.446411535653443,2.4603063397420293,2.474201143830615,2.4880959479192013,2.5019907520077873,2.5158855560963733,2.5297803601849593,2.5436751642735453,2.5575699683621314,2.5714647724507174,2.5853595765393034,2.5992543806278894,2.6131491847164754,2.6270439888050614,2.6409387928936474,2.6548335969822334,2.66872840107082,2.6826232051594054,2.696518009247992,2.710412813336578,2.724307617425164,2.73820242151375,2.752097225602336,2.765992029690922,2.779886833779508,2.793781637868094,2.80767644195668,2.821571246045266,2.835466050133852,2.849360854222438,2.863255658311024,2.87715046239961,2.891045266488196,2.9049400705767825,2.9188348746653685,2.9327296787539545,2.9466244828425405,2.9605192869311265,2.9744140910197125,2.9883088951082986,3.0022036991968846,3.0160985032854706
-2.0,3.0299933073740566,3.0438881114626426,3.0577829155512286,3.0716777196398146,3.0855725237284006,3.0994673278169866,3.113362131905573,3.127256935994159,3.141151740082745,3.155046544171331,3.168941348259917,3.182836152348503,3.196730956437089,3.210625760525675,3.224520564614261,3.238415368702847,3.252310172791433,3.266204976880019,3.280099780968605,3.2939945850571912,3.3078893891457772,3.3217841932343637,3.3356789973229493,3.3495738014115357,3.3634686055001217,3.3773634095887077,3.3912582136772937,2.4824829642248716,2.496377768313458,2.5102725724020436,2.52416737649063,2.538062180579216,2.551956984667802,2.565851788756388,2.579746592844974,2.59364139693356,2.607536201022146,2.621431005110732,2.635325809199318,2.649220613287904,2.66311541737649,2.677010221465076,2.690905025553662,2.7047998296422486,2.718694633730834,2.7325894378194207,2.7464842419080067,2.7603790459965927,2.7742738500851787,2.7881686541737647,2.8020634582623507
-1.5,2.8159582623509367,2.8298530664395227,2.8437478705281087,2.8576426746166947,2.8715374787052808,2.8854322827938668,2.8993270868824528,2.913221890971039,2.927116695059625,2.9410114991482113,2.9549063032367973,2.9688011073253833,2.9826959114139693,2.9965907155025553,3.0104855195911413,3.0243803236797273,3.0382751277683133,3.0521699318568993,3.0660647359454853,3.0799595400340714,3.0938543441226574,3.1077491482112434,3.1216439522998294,3.1355387563884154,3.149433560477002,3.163328364565588,3.177223168654174,3.19111797274276,3.205012776831346,3.218907580919932,3.232802385008518,3.246697189097104,3.26059199318569,3.274486797274276,3.288381601362862,3.302276405451448,3.316171209540034,3.33006601362862,3.343960817717206,3.3578556218057924,3.371750425894378,3.3856452299829645,3.3995400340715505,3.4134348381601365,3.4273296422487225,2.5185543927963003,2.532449196884886,2.5463440009734724,2.5602388050620584,2.5741336091506444,2.5880284132392304
-1.0,2.6019232173278164,2.6158180214164024,2.6297128255049884,2.6436076295935744,2.6575024336821604,2.6713972377707464,2.6852920418593325,2.6991868459479185,2.7130816500365045,2.726976454125091,2.7408712582136765,2.754766062302263,2.768660866390849,2.782555670479435,2.796450474568021,2.810345278656607,2.824240082745193,2.838134886833779,2.852029690922365,2.865924495010951,2.879819299099537,2.893714103188123,2.907608907276709,2.921503711365295,2.935398515453881,2.949293319542467,2.9631881236310535,2.9770829277196396,2.9909777318082256,3.0048725358968116,3.0187673399853976,3.0326621440739836,3.0465569481625696,3.0604517522511556,3.0743465563397416,3.0882413604283276,3.1021361645169137,3.1160309686054997,3.1299257726940857,3.1438205767826717,3.1577153808712577,3.1716101849598437,3.1855049890484297,3.199399793137016,3.213294597225602,3.227189401314188,3.241084205402774,3.25497900949136,3.268873813579946,3.2827686176685322,3.2966634217571182
-0.5,3.3105582258457042,3.3244530299342903,3.3383478340228763,3.3522426381114623,3.3661374422000483,3.3800322462886343,3.3939270503772203,3.4078218544658068,3.4217166585543923,3.435611462642979,3.449506266731565,3.463401070820151,2.554625821367729,2.5685206254563147,2.582415429544901,2.596310233633487,2.610205037722073,2.624099841810659,2.637994645899245,2.651889449987831,2.665784254076417,2.679679058165003,2.693573862253589,2.707468666342175,2.721363470430761,2.735258274519347,2.7491530786079332,2.7630478826965197,2.7769426867851053,2.7908374908736917,2.8047322949622777,2.8186270990508637,2.8325219031394497,2.8464167072280357,2.8603115113166218,2.8742063154052078,2.888101119493794,2.90199592358238,2.915890727670966,2.929785531759552,2.943680335848138,2.957575139936724,2.97146994402531,2.985364748113896,2.9992595522024823,3.0131543562910683,3.0270491603796543,3.0409439644682403,3.0548387685568263,3.0687335726454124,3.0826283767339984
0.0,3.0965231808225844,3.1104179849111704,3.1243127889997564,3.1382075930883424,3.1521023971769284,3.1659972012655144,3.1798920053541004,3.1937868094426864,3.2076816135312725,3.2215764176198585,3.235471221708445,3.249366025797031,3.263260829885617,3.277155633974203,3.291050438062789,3.304945242151375,3.318840046239961,3.332734850328547,3.346629654417133,3.360524458505719,3.374419262594305,3.388314066682891,3.402208870771477,3.416103674860063,3.429998478948649,3.4438932830372355,3.457788087125821,3.4716828912144075,3.4855776953029936,3.4994724993915796,2.590697249939157,2.6045920540277434,2.618486858116329,2.6323816622049154,2.6462764662935014,2.6601712703820874,2.6740660744706735,2.6879608785592595,2.7018556826478455,2.7157504867364315,2.7296452908250175,2.7435400949136035,2.7574348990021895,2.7713297030907755,2.7852245071793615,2.7991193112679476,2.813014115356534,2.8269089194451196,2.840803723533706,2.854698527622292,2.868593331710878
0.5,2.882488135799464,2.89638293988805,2.910277743976636,2.924172548065222,2.938067352153808,2.951962156242394,2.96585696033098,2.979751764419566,2.993646568508152,3.007541372596738,3.021436176685324,3.03533098077391,3.0492257848624966,3.0631205889510826,3.0770153930396686,3.0909101971282547,3.1048050012168407,3.1186998053054267,3.1325946093940127,3.1464894134825987,3.1603842175711847,3.1742790216597707,3.1881738257483567,3.2020686298369427,3.2159634339255287,3.2298582380141148,3.2437530421027008,3.257647846191287,3.2715426502798732,3.2854374543684592,3.2993322584570453,3.3132270625456313,3.3271218666342173,3.3410166707228033,3.3549114748113893,3.3688062788999753,3.3827010829885613,3.3965958870771473,3.4104906911657333,3.4243854952543193,3.4382802993429054,3.4521751034314914,3.466069907520078,3.4799647116086634,3.49385951569725,3.507754319785836,3.521649123874422,3.535543927963008,2.6267686785105857,2.640663482599172,2.6545582866877577
1.0,2.668453090776344,2.68234789486493,2.696242698953516,2.710137503042102,2.7240323071306882,2.7379271112192742,2.7518219153078602,2.7657167193964463,2.7796115234850323,2.7935063275736183,2.8074011316622043,2.8212959357507903,2.8351907398393763,2.8490855439279628,2.8629803480165483,2.876875152105135,2.890769956193721,2.904664760282307,2.918559564370893,2.932454368459479,2.946349172548065,2.960243976636651,2.974138780725237,2.988033584813823,3.001928388902409,3.015823192990995,3.029717997079581,3.043612801168167,3.057507605256753,3.071402409345339,3.0852972134339254,3.0991920175225114,3.1130868216110974,3.1269816256996834,3.1408764297882694,3.1547712338768554,3.1686660379654414,3.1825608420540275,3.1964556461426135,3.2103504502311995,3.2242452543197855,3.2381400584083715,3.2520348624969575,3.2659296665855435,3.2798244706741295,3.293719274762716,3.307614078851302,3.321508882939888,3.335403687028474,3.34929849111706,3.363193295205646
1.5,3.377088099294232,3.390982903382818,3.404877707471404,3.41877251155999,3.432667315648576,3.446562119737162,3.460456923825748,3.474351727914334,3.48824653200292,3.5021413360915066,3.516036140180092,3.5299309442686786,3.543825748357264,3.5577205524458506,3.571615356534436,2.6628401070820145,2.676734911170601,2.6906297152591865,2.704524519347773,2.718419323436359,2.732314127524945,2.746208931613531,2.760103735702117,2.773998539790703,2.787893343879289,2.801788147967875,2.815682952056461,2.829577756145047,2.843472560233633,2.857367364322219,2.871262168410805,2.8851569724993915,2.899051776587977,2.9129465806765635,2.9268413847651495,2.9407361888537356,2.9546309929423216,2.9685257970309076,2.9824206011194936,2.9963154052080796,3.0102102092966656,3.0241050133852516,3.0379998174738376,3.0518946215624236,3.0657894256510096,3.0796842297395957,3.0935790338281817,3.1074738379167677,3.121368642005354,3.13526344609394,3.149158250182526
2.0,3.163053054271112,3.176947858359698,3.190842662448284,3.20473746653687,3.218632270625456,3.232527074714042,3.2464218788026282,3.2603166828912142,3.2742114869798002,3.2881062910683863,3.3020010951569723,3.3158958992455583,3.3297907033341447,3.3436855074227307,3.3575803115113168,3.3714751155999028,3.3853699196884888,3.399264723777075,3.413159527865661,3.427054331954247,3.440949136042833,3.454843940131419,3.468738744220005,3.482633548308591,3.496528352397177,3.510423156485763,3.524317960574349,3.5382127646629353,3.552107568751521,3.5660023728401073,3.579897176928693,3.5937919810172794,3.607686785105865,2.698911535653443,2.712806339742029,2.7267011438306152,2.7405959479192012,2.7544907520077873,2.7683855560963733,2.7822803601849593,2.7961751642735453,2.8100699683621313,2.8239647724507173,2.8378595765393033,2.8517543806278893,2.8656491847164753,2.8795439888050613,2.8934387928936474,2.907333596982234,2.9212284010708194,2.935123205159406
2.5,2.949018009247992,2.962912813336578,2.976807617425164,2.99070242151375,3.004597225602336,3.018492029690922,3.032386833779508,3.046281637868094,3.06017644195668,3.074071246045266,3.087966050133852,3.101860854222438,3.115755658311024,3.12965046239961,3.1435452664881964,3.1574400705767824,3.1713348746653685,3.1852296787539545,3.1991244828425405,3.2130192869311265,3.2269140910197125,3.2408088951082985,3.2547036991968845,3.2685985032854705,3.2824933073740565,3.2963881114626425,3.3102829155512286,3.3241777196398146,3.3380725237284006,3.3519673278169866,3.3658621319055726,3.379756935994159,3.393651740082745,3.407546544171331,3.421441348259917,3.435336152348503,3.449230956437089,3.463125760525675,3.477020564614261,3.490915368702847,3.504810172791433,3.518704976880019,3.532599780968605,3.546494585057191,3.5603893891457776,3.574284193234363,3.5881789973229496,3.602073801411535,3.6159686055001217,3.6298634095887072,3.6437582136772937
3.0,2.734982964224872,2.7488777683134575,2.762772572402044,2.77666737649063,2.790562180579216,2.804456984667802,2.818351788756388,2.832246592844974,2.84614139693356,2.860036201022146,2.873931005110732,2.887825809199318,2.901720613287904,2.91561541737649,2.929510221465076,2.9434050255536626,2.957299829642248,2.9711946337308346,2.9850894378194206,2.9989842419080066,3.0128790459965926,3.0267738500851786,3.0406686541737646,3.0545634582623507,3.0684582623509367,3.0823530664395227,3.0962478705281087,3.1101426746166947,3.1240374787052807,3.1379322827938667,3.1518270868824527,3.1657218909710387,3.179616695059625,3.193511499148211,3.207406303236797,3.221301107325383,3.2351959114139692,3.2490907155025552,3.2629855195911412,3.2768803236797273,3.2907751277683133,3.3046699318568993,3.3185647359454853,3.3324595400340713,3.3463543441226573,3.3602491482112433,3.3741439522998293,3.3880387563884153,3.4019335604770014,3.415828364565588,3.429723168654174
3.5,3.44361797274276,3.457512776831346,3.471407580919932,3.485302385008518,3.499197189097104,3.51309199318569,3.526986797274276,3.5408816013628623,3.554776405451448,3.5686712095400344,3.58256601362862,3.5964608177172064,3.610355621805792,3.6242504258943784,3.638145229982964,3.6520400340715504,3.665934838160136,3.6798296422487224,2.7710543927963,2.7849491968848863,2.798844000973472,2.8127388050620583,2.8266336091506443,2.8405284132392303,2.8544232173278163,2.8683180214164024,2.8822128255049884,2.8961076295935744,2.9100024336821604,2.9238972377707464,2.9377920418593324,2.9516868459479184,2.9655816500365044,2.9794764541250904,2.993371258213677,3.0072660623022625,3.021160866390849,3.035055670479435,3.048950474568021,3.062845278656607,3.076740082745193,3.090634886833779,3.104529690922365,3.118424495010951,3.132319299099537,3.146214103188123,3.160108907276709,3.174003711365295,3.187898515453881,3.201793319542467,3.215688123631053
4.0,3.2295829277196395,3.2434777318082255,3.2573725358968115,3.2712673399853975,3.2851621440739835,3.2990569481625696,3.3129517522511556,3.3268465563397416,3.3407413604283276,3.3546361645169136,3.3685309686054996,3.3824257726940856,3.3963205767826716,3.4102153808712576,3.4241101849598437,3.43800498904843,3.451899793137016,3.465794597225602,3.479689401314188,3.493584205402774,3.50747900949136,3.521373813579946,3.535268617668532,3.549163421757118,3.5630582258457046,3.57695302993429,3.5908478340228767,3.6047426381114622,3.6186374422000487,3.6325322462886342,3.6464270503772207,3.6603218544658063,3.6742166585543927,3.6881114626429783,3.7020062667315647,3.7159010708201503,2.8071258213677286,2.821020625456315,2.8349154295449006,2.848810233633487,2.862705037722073,2.876599841810659,2.890494645899245,2.904389449987831,2.918284254076417,2.932179058165003,2.946073862253589,2.959968666342175,2.973863470430761,2.987758274519347,3.001653078607933
4.5,3.015547882696519,3.0294426867851056,3.043337490873691,3.0572322949622777,3.0711270990508637,3.0850219031394497,3.0989167072280357,3.1128115113166217,3.1267063154052077,3.1406011194937937,3.1544959235823797,3.1683907276709657,3.1822855317595518,3.1961803358481378,3.2100751399367238,3.22396994402531,3.237864748113896,3.251759552202482,3.2656543562910683,3.2795491603796543,3.2934439644682403,3.3073387685568263,3.3212335726454123,3.3351283767339983,3.3490231808225843,3.3629179849111703,3.3768127889997563,3.3907075930883424,3.4046023971769284,3.4184972012655144,3.4323920053541004,3.4462868094426864,3.4601816135312724,3.474076417619859,3.487971221708445,3.501866025797031,3.515760829885617,3.529655633974203,3.5435504380627885,3.557445242151375,3.5713400462399605,3.585234850328547,3.5991296544171334,3.613024458505719,3.6269192625943054,3.640814066682891,3.6547088707714774,3.668603674860063,3.6824984789486495,3.696393283037235,3.7102880871258215
5.0,3.724182891214407,3.7380776953029935,3.751972499391579,2.8431972499391573,2.857092054027744,2.8709868581163294,2.884881662204916,2.898776466293502,2.912671270382088,2.926566074470674,2.94046087855926,2.954355682647846,2.968250486736432,2.982145290825018,2.996040094913604,3.00993489900219,3.023829703090776,3.037724507179362,3.051619311267948,3.0655141153565344,3.07940891944512,3.0933037235337064,3.1071985276222924,3.1210933317108784,3.1349881357994644,3.1488829398880505,3.1627777439766365,3.1766725480652225,3.1905673521538085,3.2044621562423945,3.2183569603309805,3.2322517644195665,3.2461465685081525,3.2600413725967385,3.2739361766853246,3.2878309807739106,3.301725784862497,3.315620588951083,3.329515393039669,3.343410197128255,3.357305001216841,3.371199805305427,3.385094609394013,3.398989413482599,3.412884217571185,3.426779021659771,3.440673825748357,3.454568629836943,3.468463433925529,3.482358238014115,3.496253042102701
5.5,3.5101478461912876,3.5240426502798736,3.5379374543684596,3.551832258457045,3.5657270625456317,3.579621866634217,3.5935166707228037,3.6074114748113892,3.6213062788999757,3.635201082988562,3.6490958870771477,3.662990691165734,3.6768854952543197,3.690780299342906,3.7046751034314918,3.718569907520078,3.7324647116086638,3.7463595156972502,3.760254319785836,3.7741491238744223,3.788043927963008,2.879268678510586,2.8931634825991717,2.907058286687758,2.920953090776344,2.93484789486493,2.948742698953516,2.962637503042102,2.976532307130688,2.990427111219274,3.00432191530786,3.018216719396446,3.032111523485032,3.046006327573618,3.0599011316622042,3.0737959357507902,3.0876907398393767,3.1015855439279623,3.1154803480165487,3.1293751521051347,3.1432699561937207,3.1571647602823067,3.1710595643708928,3.1849543684594788,3.198849172548065,3.212743976636651,3.226638780725237,3.240533584813823,3.254428388902409,3.268323192990995,3.282217997079581
6.0,3.296112801168167,3.310007605256753,3.3239024093453393,3.3377972134339253,3.3516920175225113,3.3655868216110973,3.3794816256996834,3.3933764297882694,3.4072712338768554,3.4211660379654414,3.4350608420540274,3.4489556461426134,3.4628504502311994,3.4767452543197854,3.4906400584083714,3.5045348624969574,3.5184296665855435,3.5323244706741295,3.5462192747627155,3.560114078851302,3.5740088829398875,3.587903687028474,3.6017984911170595,3.615693295205646,3.6295880992942315,3.643482903382818,3.6573777074714036,3.67127251155999,3.6851673156485765,3.699062119737162,3.7129569238257485,3.726851727914334,3.7407465320029205,3.754641336091506,3.7685361401800925,3.782430944268678,3.7963257483572646,3.81022055244585,3.8241153565344366,2.915340107082015,2.9292349111706004,2.943129715259187,2.957024519347773,2.970919323436359,2.984814127524945,2.998708931613531,3.012603735702117,3.026498539790703,3.040393343879289,3.054288147967875,3.068182952056461
6.5,3.082077756145047,3.095972560233633,3.109867364322219,3.1237621684108055,3.137656972499391,3.1515517765879775,3.1654465806765635,3.1793413847651495,3.1932361888537355,3.2071309929423215,3.2210257970309075,3.2349206011194935,3.2488154052080795,3.2627102092966656,3.2766050133852516,3.2904998174738376,3.3043946215624236,3.3182894256510096,3.3321842297395956,3.3460790338281816,3.359973837916768,3.373868642005354,3.38776344609394,3.401658250182526,3.415553054271112,3.429447858359698,3.443342662448284,3.45723746653687,3.471132270625456,3.485027074714042,3.498921878802628,3.512816682891214,3.5267114869798,3.5406062910683866,3.554501095156972,3.5683958992455587,3.5822907033341442,3.5961855074227307,3.6100803115113163,3.6239751155999027,3.6378699196884883,3.6517647237770747,3.6656595278656603,3.6795543319542467,3.6934491360428323,3.7073439401314188,3.7212387442200052,3.735133548308591,3.7490283523971772,3.762923156485763,3.7768179605743493
7.0,3.790712764662935,3.8046075687515213,3.818502372840107,3.8323971769286933,3.846291981017279,3.8601867851058653,2.9514115356534427,2.965306339742029,2.9792011438306147,2.993095947919201,3.006990752007787,3.020885556096373,3.0347803601849592,3.0486751642735452,3.0625699683621312,3.0764647724507173,3.0903595765393033,3.1042543806278893,3.1181491847164753,3.1320439888050613,3.1459387928936473,3.1598335969822333,3.1737284010708198,3.1876232051594053,3.201518009247992,3.215412813336578,3.229307617425164,3.24320242151375,3.257097225602336,3.270992029690922,3.284886833779508,3.298781637868094,3.31267644195668,3.326571246045266,3.340466050133852,3.354360854222438,3.368255658311024,3.38215046239961,3.396045266488196,3.4099400705767824,3.4238348746653684,3.4377296787539544,3.4516244828425404,3.4655192869311264,3.4794140910197124,3.4933088951082985,3.5072036991968845,3.5210985032854705,3.5349933073740565,3.5488881114626425,3.562782915551229
7.5,3.5766777196398145,3.590572523728401,3.6044673278169865,3.618362131905573,3.6322569359941586,3.646151740082745,3.6600465441713306,3.673941348259917,3.6878361523485026,3.701730956437089,3.7156257605256746,3.729520564614261,3.7434153687028475,3.757310172791433,3.7712049768800195,3.785099780968605,3.7989945850571916,3.812889389145777,3.8267841932343636,3.840678997322949,3.8545738014115356,3.868468605500121,3.8823634095887076,3.896258213677293,2.9874829642248715,3.001377768313457,3.0152725724020435,3.0291673764906295,3.0430621805792155,3.0569569846678015,3.0708517887563875,3.0847465928449735,3.0986413969335596,3.1125362010221456,3.1264310051107316,3.1403258091993176,3.1542206132879036,3.1681154173764896,3.1820102214650756,3.195905025553662,3.2097998296422476,3.223694633730834,3.23758943781942,3.251484241908006,3.265379045996592,3.279273850085178,3.293168654173764,3.30706345826235,3.320958262350936,3.334853066439522,3.348747870528108
8.0,3.362642674616694,3.37653747870528,3.390432282793866,3.4043270868824522,3.4182218909710382,3.4321166950596247,3.4460114991482107,3.4599063032367967,3.4738011073253827,3.4876959114139687,3.5015907155025547,3.5154855195911408,3.5293803236797268,3.5432751277683128,3.5571699318568992,3.571064735945485,3.5849595400340712,3.598854344122657,3.6127491482112433,3.626643952299829,3.6405387563884153,3.654433560477001,3.6683283645655873,3.682223168654173,3.6961179727427593,3.710012776831345,3.7239075809199313,3.737802385008517,3.7516971890971034,3.76559199318569,3.7794867972742754,3.793381601362862,3.8072764054514474,3.821171209540034,3.8350660136286194,3.848960817717206,3.8628556218057915,3.876750425894378,3.8906452299829635,3.90454003407155,3.9184348381601355,3.932329642248722,3.0235543927963002,3.037449196884886,3.0513440009734722,3.0652388050620583,3.0791336091506443,3.0930284132392303,3.1069232173278163,3.1208180214164023,3.1347128255049883
8.5,3.1486076295935743,3.1625024336821603,3.1763972377707463,3.1902920418593324,3.2041868459479184,3.2180816500365044,3.231976454125091,3.2458712582136764,3.259766062302263,3.273660866390849,3.287555670479435,3.301450474568021,3.315345278656607,3.329240082745193,3.343134886833779,3.357029690922365,3.370924495010951,3.384819299099537,3.398714103188123,3.412608907276709,3.426503711365295,3.440398515453881,3.454293319542467,3.4681881236310534,3.4820829277196395,3.4959777318082255,3.5098725358968115,3.5237673399853975,3.5376621440739835,3.5515569481625695,3.565451752251155,3.5793465563397415,3.593241360428328,3.6071361645169135,3.6210309686055,3.6349257726940856,3.648820576782672,3.6627153808712576,3.676610184959844,3.6905049890484296,3.704399793137016,3.7182945972256016,3.732189401314188,3.7460842054027736,3.75997900949136,3.7738738135799457,3.787768617668532,3.8016634217571186,3.815558225845704,3.8294530299342906,3.843347834022876
9.0,3.8572426381114626,3.871137442200048,3.8850322462886346,3.89892705037722,3.9128218544658067,3.9267166585543922,3.9406114626429787,3.9545062667315642,3.9684010708201507,3.059625821367729,3.0735206254563145,3.087415429544901,3.101310233633487,3.115205037722073,3.129099841810659,3.142994645899245,3.156889449987831,3.170784254076417,3.184679058165003,3.198573862253589,3.212468666342175,3.226363470430761,3.240258274519347,3.254153078607933,3.2680478826965196,3.281942686785105,3.2958374908736916,3.3097322949622776,3.3236270990508636,3.3375219031394496,3.3514167072280356,3.3653115113166217,3.3792063154052077,3.3931011194937937,3.4069959235823797,3.4208907276709657,3.4347855317595517,3.4486803358481377,3.4625751399367237,3.4764699440253097,3.4903647481138957,3.504259552202482,3.518154356291068,3.532049160379654,3.54594396446824,3.5598387685568262,3.573733572645412,3.5876283767339983,3.601523180822584,3.6154179849111703,3.6293127889997567
9.5,3.6432075930883423,3.6571023971769288,3.6709972012655143,3.6848920053541008,3.6987868094426863,3.712681613531273,3.7265764176198584,3.740471221708445,3.7543660257970304,3.768260829885617,3.7821556339742024,3.796050438062789,3.8099452421513744,3.823840046239961,3.8377348503285473,3.851629654417133,3.8655244585057194,3.879419262594305,3.8933140666828914,3.907208870771477,3.9211036748600634,3.934998478948649,3.9488932830372354,3.962788087125821,3.9766828912144074,3.990577695302993,4.0044724993915795,3.0956972499391577,3.1095920540277433,3.1234868581163298,3.1373816622049158,3.1512764662935018,3.165171270382088,3.179066074470674,3.19296087855926,3.206855682647846,3.220750486736432,3.234645290825018,3.248540094913604,3.26243489900219,3.276329703090776,3.290224507179362,3.3041193112679483,3.318014115356534,3.3319089194451204,3.3458037235337064,3.3596985276222924,3.3735933317108784,3.3874881357994644,3.4013829398880504,3.4152777439766364
10.0,3.4291725480652224,3.4430673521538084,3.4569621562423944,3.4708569603309805,3.4847517644195665,3.4986465685081525,3.5125413725967385,3.5264361766853245,3.540330980773911,3.5542257848624965,3.568120588951083,3.5820153930396685,3.595910197128255,3.6098050012168406,3.623699805305427,3.6375946093940126,3.651489413482599,3.6653842175711855,3.679279021659771,3.6931738257483575,3.707068629836943,3.7209634339255295,3.734858238014115,3.7487530421027015,3.762647846191287,3.7765426502798736,3.790437454368459,3.8043322584570456,3.818227062545631,3.8321218666342176,3.846016670722803,3.8599114748113896,3.873806278899976,3.8877010829885617,3.901595887077148,3.9154906911657337,3.92938549525432,3.9432802993429057,3.957175103431492,3.9710699075200777,3.984964711608664,3.9988595156972497,4.012754319785836,4.026649123874422,4.040543927963008,3.1317686785105865,3.145663482599172,3.1595582866877585,3.1734530907763445,3.1873478948649305,3.2012426989535165
10.5,3.2151375030421026,3.2290323071306886,3.2429271112192746,3.2568219153078606,3.2707167193964466,3.2846115234850326,3.2985063275736186,3.3124011316622046,3.3262959357507906,3.340190739839377,3.3540855439279627,3.367980348016549,3.381875152105135,3.395769956193721,3.409664760282307,3.423559564370893,3.437454368459479,3.451349172548065,3.465243976636651,3.479138780725237,3.493033584813823,3.506928388902409,3.520823192990995,3.5347179970795812,3.5486128011681677,3.5625076052567533,3.5764024093453397,3.5902972134339253,3.6041920175225117,3.6180868216110973,3.6319816256996837,3.6458764297882693,3.6597712338768558,3.6736660379654413,3.687560842054028,3.7014556461426142,3.7153504502312,3.7292452543197863,3.743140058408372,3.7570348624969583,3.770929666585544,3.7848244706741303,3.798719274762716,3.8126140788513023,3.826508882939888,3.8404036870284743,3.85429849111706,3.8681932952056464,3.882088099294232,3.8959829033828184,3.909877707471405
11.0,3.9237725115599904,3.937667315648577,3.9515621197371624,3.965456923825749,3.9793517279143344,3.993246532002921,4.0071413360915065,4.021036140180093,4.0349309442686785,4.048825748357265,4.0627205524458505,4.076615356534437,3.1678401070820144,3.1817349111706,3.1956297152591864,3.2095245193477724,3.2234193234363584,3.2373141275249444,3.2512089316135304,3.2651037357021164,3.2789985397907024,3.2928933438792884,3.3067881479678745,3.3206829520564605,3.3345777561450465,3.3484725602336325,3.3623673643222185,3.376262168410805,3.3901569724993905,3.404051776587977,3.417946580676563,3.431841384765149,3.445736188853735,3.459630992942321,3.473525797030907,3.487420601119493,3.501315405208079,3.515210209296665,3.529105013385251,3.542999817473837,3.5568946215624235,3.570789425651009,3.5846842297395956,3.598579033828181,3.6124738379167676,3.626368642005353,3.6402634460939396,3.654158250182525,3.6680530542711116,3.681947858359697,3.6958426624482836
11.5,3.709737466536869,3.7236322706254557,3.737527074714042,3.7514218788026277,3.765316682891214,3.7792114869797997,3.793106291068386,3.8070010951569717,3.820895899245558,3.8347907033341437,3.84868550742273,3.8625803115113158,3.876475115599902,3.8903699196884878,3.9042647237770742,3.91815952786566,3.9320543319542463,3.945949136042832,3.9598439401314183,3.9737387442200047,3.9876335483085903,4.001528352397177,4.015423156485762,4.029317960574349,4.043212764662934,4.057107568751521,4.071002372840106,4.084897176928693,4.098791981017278,4.112686785105865,3.203911535653443,3.2178063397420287,3.231701143830615,3.245595947919201,3.259490752007787,3.273385556096373,3.287280360184959,3.301175164273545,3.315069968362131,3.328964772450717,3.342859576539303,3.3567543806278892,3.3706491847164752,3.3845439888050612,3.3984387928936473,3.4123335969822337,3.4262284010708193,3.4401232051594057,3.4540180092479917,3.4679128133365777,3.4818076174251638
12.0,3.4957024215137498,3.509597225602336,3.523492029690922,3.537386833779508,3.551281637868094,3.5651764419566803,3.579071246045266,3.5929660501338523,3.606860854222438,3.6207556583110243,3.63465046239961,3.6485452664881963,3.662440070576782,3.6763348746653683,3.690229678753954,3.7041244828425404,3.718019286931126,3.7319140910197124,3.745808895108298,3.7597036991968844,3.773598503285471,3.7874933073740564,3.801388111462643,3.8152829155512284,3.829177719639815,3.8430725237284005,3.856967327816987,3.8708621319055725,3.884756935994159,3.8986517400827445,3.912546544171331,3.9264413482599165,3.940336152348503,3.9542309564370886,3.968125760525675,3.9820205646142606,3.995915368702847,4.0098101727914335,4.023704976880019,4.0375997809686055,4.051494585057191,4.0653893891457775,4.079284193234363,4.0931789973229495,4.107073801411535,4.120968605500122,4.134863409588707,4.148758213677294,3.239982964224872,3.2538777683134574,3.267772572402044
12.5,3.28166737649063,3.295562180579216,3.309456984667802,3.323351788756388,3.337246592844974,3.35114139693356,3.365036201022146,3.378931005110732,3.392825809199318,3.406720613287904,3.42061541737649,3.434510221465076,3.4484050255536625,3.462299829642248,3.4761946337308345,3.4900894378194205,3.5039842419080065,3.5178790459965925,3.5317738500851785,3.545668654173764,3.5595634582623505,3.573458262350937,3.5873530664395226,3.601247870528109,3.6151426746166946,3.629037478705281,3.6429322827938666,3.656827086882453,3.6707218909710386,3.684616695059625,3.6985114991482106,3.712406303236797,3.7263011073253827,3.740195911413969,3.7540907155025547,3.767985519591141,3.7818803236797267,3.795775127768313,3.8096699318568996,3.823564735945485,3.8374595400340716,3.851354344122657,3.8652491482112437,3.8791439522998292,3.8930387563884157,3.9069335604770012,3.9208283645655877,3.9347231686541733,3.9486179727427597,3.9625127768313453,3.9764075809199317
13.0,3.9903023850085173,4.004197189097104,4.018091993185689,4.031986797274276,4.045881601362862,4.059776405451448,4.073671209540034,4.08756601362862,4.101460817717206,4.115355621805792,4.129250425894378,4.143145229982964,4.15704003407155,4.170934838160136,4.184829642248722,3.2760543927963006,3.289949196884886,3.3038440009734726,3.3177388050620586,3.3316336091506447,3.3455284132392307,3.3594232173278167,3.3733180214164027,3.3872128255049887,3.4011076295935747,3.4150024336821607,3.4288972377707467,3.4427920418593327,3.4566868459479188,3.4705816500365048,3.484476454125091,3.498371258213677,3.5122660623022632,3.5261608663908492,3.5400556704794353,3.553950474568021,3.5678452786566073,3.581740082745193,3.5956348868337793,3.6095296909223658,3.6234244950109513,3.6373192990995378,3.6512141031881233,3.66510890727671,3.6790037113652954,3.692898515453882,3.7067933195424674,3.720688123631054,3.7345829277196394,3.748477731808226,3.7623725358968114
13.5,3.776267339985398,3.7901621440739834,3.80405694816257,3.8179517522511555,3.831846556339742,3.8457413604283284,3.859636164516914,3.8735309686055004,3.887425772694086,3.9013205767826724,3.915215380871258,3.9291101849598444,3.94300498904843,3.9568997931370165,3.970794597225602,3.9846894013141885,3.998584205402774,4.0124790094913605,4.026373813579946,4.0402686176685325,4.054163421757118,4.0680582258457045,4.081953029934291,4.0958478340228766,4.109742638111463,4.123637442200049,4.137532246288635,4.151427050377221,4.165321854465807,4.179216658554393,4.193111462642979,4.207006266731565,4.220901070820151,3.3121258213677294,3.326020625456315,3.3399154295449014,3.3538102336334874,3.3677050377220734,3.3815998418106594,3.3954946458992454,3.4093894499878314,3.4232842540764175,3.4371790581650035,3.4510738622535895,3.4649686663421755,3.4788634704307615,3.4927582745193475,3.5066530786079335,3.52054788269652,3.5344426867851055,3.548337490873692
14.0,3.5622322949622776,3.576127099050864,3.5900219031394496,3.603916707228036,3.6178115113166216,3.631706315405208,3.6456011194937945,3.65949592358238,3.6733907276709665,3.687285531759552,3.7011803358481385,3.715075139936724,3.7289699440253106,3.742864748113896,3.7567595522024826,3.770654356291068,3.7845491603796546,3.79844396446824,3.8123387685568266,3.826233572645412,3.8401283767339986,3.854023180822584,3.8679179849111707,3.881812788999757,3.8957075930883427,3.909602397176929,3.9234972012655147,3.937392005354101,3.9512868094426867,3.965181613531273,3.9790764176198588,3.992971221708445,4.006866025797031,4.020760829885617,4.034655633974203,4.048550438062789,4.062445242151375,4.076340046239961,4.090234850328547,4.104129654417133,4.11802445850572,4.131919262594305,4.145814066682892,4.159708870771477,4.173603674860064,4.187498478948649,4.201393283037236,4.215288087125821,4.229182891214408,4.243077695302993,4.25697249939158
